-- Démarrer une transaction
BEGIN;

-- Insérer des utilisateurs dans la table user
INSERT INTO "user" (firstname, lastname, email, password, image, location, bio, created_at, updated_at) VALUES
('Jean', 'Dupont', 'jean.dupont@example.com', 'motdepasselong1', NULL, 'Paris', 'Développeur web passionné par les nouvelles technologies.', CURRENT_TIMESTAMP, CURRENT_TIMESTAMP),
('Marie', 'Curie', 'marie.curie@example.com', 'motdepasselong2', NULL, 'Lyon', 'Designer UI/UX avec une expérience en création de sites web.', CURRENT_TIMESTAMP, CURRENT_TIMESTAMP),
('Alice', 'Martin', 'alice.martin@example.com', 'motdepasselong3', NULL, 'Marseille', 'Spécialiste en SEO et marketing digital.', CURRENT_TIMESTAMP, CURRENT_TIMESTAMP),
('Pierre', 'Durand', 'pierre.durand@example.com', 'motdepasselong4', NULL, 'Toulouse', 'Chef de projet Agile avec une forte expérience en gestion d''équipe.', CURRENT_TIMESTAMP, CURRENT_TIMESTAMP),
('Claire', 'Lefevre', 'claire.lefevre@example.com', 'motdepasselong5', NULL, 'Nice', 'Administratrice réseau avec une expertise en sécurité informatique.', CURRENT_TIMESTAMP, CURRENT_TIMESTAMP),
('David', 'Moreau', 'david.moreau@example.com', 'motdepasselong6', NULL, 'Nantes', 'Développeur mobile spécialisé en applications iOS et Android.', CURRENT_TIMESTAMP, CURRENT_TIMESTAMP),
('Eva', 'Roux', 'eva.roux@example.com', 'motdepasselong7', NULL, 'Strasbourg', 'Graphiste créative avec une passion pour le design visuel.', CURRENT_TIMESTAMP, CURRENT_TIMESTAMP),
('François', 'Petit', 'francois.petit@example.com', 'motdepasselong8', NULL, 'Montpellier', 'Expert en publicité en ligne et stratégies de marketing.', CURRENT_TIMESTAMP, CURRENT_TIMESTAMP),
('Géraldine', 'Blanc', 'geraldine.blanc@example.com', 'motdepasselong9', NULL, 'Bordeaux', 'Analyste de données avec une expérience en Big Data.', CURRENT_TIMESTAMP, CURRENT_TIMESTAMP),
('Hugo', 'Garcia', 'hugo.garcia@example.com', 'motdepasselong10', NULL, 'Lille', 'Ingénieur DevOps avec une expertise en automatisation CI/CD.', CURRENT_TIMESTAMP, CURRENT_TIMESTAMP),
('Sophie', 'Bernard', 'sophie.bernard@example.com', 'motdepasselong11', NULL, 'Rennes', 'Spécialiste en sécurité des réseaux et protection des données.', CURRENT_TIMESTAMP, CURRENT_TIMESTAMP),
('Lucas', 'Martinez', 'lucas.martinez@example.com', 'motdepasselong12', NULL, 'Reims', 'Technicien support utilisateur avec une forte expérience en assistance technique.', CURRENT_TIMESTAMP, CURRENT_TIMESTAMP),
('Emma', 'Lopez', 'emma.lopez@example.com', 'motdepasselong13', NULL, 'Le Havre', 'Rédactrice technique avec une expertise en documentation logicielle.', CURRENT_TIMESTAMP, CURRENT_TIMESTAMP),
('Louis', 'Morel', 'louis.morel@example.com', 'motdepasselong14', NULL, 'Saint-Étienne', 'Développeur web passionné par les nouvelles technologies.', CURRENT_TIMESTAMP, CURRENT_TIMESTAMP),
('Chloé', 'Fournier', 'chloe.fournier@example.com', 'motdepasselong15', NULL, 'Toulon', 'Designer UI/UX avec une expérience en création de sites web.', CURRENT_TIMESTAMP, CURRENT_TIMESTAMP),
('Thomas', 'Girard', 'thomas.girard@example.com', 'motdepasselong16', NULL, 'Grenoble', 'Spécialiste en SEO et marketing digital.', CURRENT_TIMESTAMP, CURRENT_TIMESTAMP),
('Camille', 'Lemoine', 'camille.lemoine@example.com', 'motdepasselong17', NULL, 'Dijon', 'Chef de projet Agile avec une forte expérience en gestion d''équipe.', CURRENT_TIMESTAMP, CURRENT_TIMESTAMP),
('Nathan', 'Renaud', 'nathan.renaud@example.com', 'motdepasselong18', NULL, 'Angers', 'Administrateur réseau avec une expertise en sécurité informatique.', CURRENT_TIMESTAMP, CURRENT_TIMESTAMP),
('Léa', 'Dumont', 'lea.dumont@example.com', 'motdepasselong19', NULL, 'Villeurbanne', 'Développeuse mobile spécialisée en applications iOS et Android.', CURRENT_TIMESTAMP, CURRENT_TIMESTAMP),
('Julien', 'Gauthier', 'julien.gauthier@example.com', 'motdepasselong20', NULL, 'Clermont-Ferrand', 'Graphiste créatif avec une passion pour le design visuel.', CURRENT_TIMESTAMP, CURRENT_TIMESTAMP),
('Manon', 'Perrin', 'manon.perrin@example.com', 'motdepasselong21', NULL, 'Aix-en-Provence', 'Experte en publicité en ligne et stratégies de marketing.', CURRENT_TIMESTAMP, CURRENT_TIMESTAMP),
('Maxime', 'Faure', 'maxime.faure@example.com', 'motdepasselong22', NULL, 'Brest', 'Analyste de données avec une expérience en Big Data.', CURRENT_TIMESTAMP, CURRENT_TIMESTAMP),
('Sarah', 'Roux', 'sarah.roux@example.com', 'motdepasselong23', NULL, 'Limoges', 'Ingénieure DevOps avec une expertise en automatisation CI/CD.', CURRENT_TIMESTAMP, CURRENT_TIMESTAMP),
('Antoine', 'Vincent', 'antoine.vincent@example.com', 'motdepasselong24', NULL, 'Tours', 'Spécialiste en sécurité des réseaux et protection des données.', CURRENT_TIMESTAMP, CURRENT_TIMESTAMP),
('Laura', 'Henry', 'laura.henry@example.com', 'motdepasselong25', NULL, 'Amiens', 'Technicienne support utilisateur avec une forte expérience en assistance technique.', CURRENT_TIMESTAMP, CURRENT_TIMESTAMP),
('Alexandre', 'Roussel', 'alexandre.roussel@example.com', 'motdepasselong26', NULL, 'Metz', 'Rédacteur technique avec une expertise en documentation logicielle.', CURRENT_TIMESTAMP, CURRENT_TIMESTAMP),
('Julie', 'Garnier', 'julie.garnier@example.com', 'motdepasselong27', NULL, 'Besançon', 'Développeuse web passionnée par les nouvelles technologies.', CURRENT_TIMESTAMP, CURRENT_TIMESTAMP),
('Benoît', 'Chevalier', 'benoit.chevalier@example.com', 'motdepasselong28', NULL, 'Orléans', 'Designer UI/UX avec une expérience en création de sites web.', CURRENT_TIMESTAMP, CURRENT_TIMESTAMP),
('Pauline', 'Caron', 'pauline.caron@example.com', 'motdepasselong29', NULL, 'Mulhouse', 'Spécialiste en SEO et marketing digital.', CURRENT_TIMESTAMP, CURRENT_TIMESTAMP),
('Guillaume', 'Colin', 'guillaume.colin@example.com', 'motdepasselong30', NULL, 'Rouen', 'Chef de projet Agile avec une forte expérience en gestion d''équipe.', CURRENT_TIMESTAMP, CURRENT_TIMESTAMP),
('Charlotte', 'Boyer', 'charlotte.boyer@example.com', 'motdepasselong31', NULL, 'Caen', 'Administratrice réseau avec une expertise en sécurité informatique.', CURRENT_TIMESTAMP, CURRENT_TIMESTAMP),
('Adrien', 'Aubert', 'adrien.aubert@example.com', 'motdepasselong32', NULL, 'Nancy', 'Développeur mobile spécialisé en applications iOS et Android.', CURRENT_TIMESTAMP, CURRENT_TIMESTAMP),
('Elodie', 'Poulain', 'elodie.poulain@example.com', 'motdepasselong33', NULL, 'Saint-Denis', 'Graphiste créative avec une passion pour le design visuel.', CURRENT_TIMESTAMP, CURRENT_TIMESTAMP),
('Baptiste', 'Leclerc', 'baptiste.leclerc@example.com', 'motdepasselong34', NULL, 'Argenteuil', 'Expert en publicité en ligne et stratégies de marketing.', CURRENT_TIMESTAMP, CURRENT_TIMESTAMP),
('Clara', 'Guillot', 'clara.guillot@example.com', 'motdepasselong35', NULL, 'Montreuil', 'Analyste de données avec une expérience en Big Data.', CURRENT_TIMESTAMP, CURRENT_TIMESTAMP),
('Victor', 'Masson', 'victor.masson@example.com', 'motdepasselong36', NULL, 'Perpignan', 'Ingénieur DevOps avec une expertise en automatisation CI/CD.', CURRENT_TIMESTAMP, CURRENT_TIMESTAMP),
('Anaïs', 'Marchand', 'anais.marchand@example.com', 'motdepasselong37', NULL, 'Nanterre', 'Spécialiste en sécurité des réseaux et protection des données.', CURRENT_TIMESTAMP, CURRENT_TIMESTAMP),
('Quentin', 'Duval', 'quentin.duval@example.com', 'motdepasselong38', NULL, 'Avignon', 'Technicien support utilisateur avec une forte expérience en assistance technique.', CURRENT_TIMESTAMP, CURRENT_TIMESTAMP),
('Mélanie', 'Denis', 'melanie.denis@example.com', 'motdepasselong39', NULL, 'Créteil', 'Rédactrice technique avec une expertise en documentation logicielle.', CURRENT_TIMESTAMP, CURRENT_TIMESTAMP),
('Florian', 'Lemoine', 'florian.lemoine@example.com', 'motdepasselong40', NULL, 'Poitiers', 'Développeur web passionné par les nouvelles technologies.', CURRENT_TIMESTAMP, CURRENT_TIMESTAMP),
('Amandine', 'Giraud', 'amandine.giraud@example.com', 'motdepasselong41', NULL, 'Versailles', 'Designer UI/UX avec une expérience en création de sites web.', CURRENT_TIMESTAMP, CURRENT_TIMESTAMP),
('Romain', 'Barbier', 'romain.barbier@example.com', 'motdepasselong42', NULL, 'Pau', 'Spécialiste en SEO et marketing digital.', CURRENT_TIMESTAMP, CURRENT_TIMESTAMP),
('Aurélie', 'Meyer', 'aurelie.meyer@example.com', 'motdepasselong43', NULL, 'Colmar', 'Chef de projet Agile avec une forte expérience en gestion d''équipe.', CURRENT_TIMESTAMP, CURRENT_TIMESTAMP),
('Damien', 'Royer', 'damien.royer@example.com', 'motdepasselong44', NULL, 'La Rochelle', 'Administrateur réseau avec une expertise en sécurité informatique.', CURRENT_TIMESTAMP, CURRENT_TIMESTAMP),
('Céline', 'Pires', 'celine.pires@example.com', 'motdepasselong45', NULL, 'Antibes', 'Développeuse mobile spécialisée en applications iOS et Android.', CURRENT_TIMESTAMP, CURRENT_TIMESTAMP),
('Vincent', 'Lemoine', 'vincent.lemoine@example.com', 'motdepasselong46', NULL, 'Calais', 'Graphiste créatif avec une passion pour le design visuel.', CURRENT_TIMESTAMP, CURRENT_TIMESTAMP),
('Isabelle', 'Renard', 'isabelle.renard@example.com', 'motdepasselong47', NULL, 'Boulogne-Billancourt', 'Experte en publicité en ligne et stratégies de marketing.', CURRENT_TIMESTAMP, CURRENT_TIMESTAMP),
('Thibault', 'Gonzalez', 'thibault.gonzalez@example.com', 'motdepasselong48', NULL, 'Cannes', 'Analyste de données avec une expérience en Big Data.', CURRENT_TIMESTAMP, CURRENT_TIMESTAMP),
('Nicolas', 'Fontaine', 'nicolas.fontaine@example.com', 'motdepasselong49', NULL, 'Drancy', 'Ingénieur DevOps avec une expertise en automatisation CI/CD.', CURRENT_TIMESTAMP, CURRENT_TIMESTAMP),
('Valérie', 'Lambert', 'valerie.lambert@example.com', 'motdepasselong50', NULL, 'Ajaccio', 'Spécialiste en sécurité des réseaux et protection des données.', CURRENT_TIMESTAMP, CURRENT_TIMESTAMP);

-- Insérer des catégories dans la table category
INSERT INTO category (name, created_at, updated_at) VALUES
('Programmation', CURRENT_TIMESTAMP, CURRENT_TIMESTAMP),
('Design', CURRENT_TIMESTAMP, CURRENT_TIMESTAMP),
('Marketing', CURRENT_TIMESTAMP, CURRENT_TIMESTAMP),
('Gestion de projet', CURRENT_TIMESTAMP, CURRENT_TIMESTAMP),
('Réseaux', CURRENT_TIMESTAMP, CURRENT_TIMESTAMP),
('Data Science', CURRENT_TIMESTAMP, CURRENT_TIMESTAMP),
('DevOps', CURRENT_TIMESTAMP, CURRENT_TIMESTAMP),
('Sécurité', CURRENT_TIMESTAMP, CURRENT_TIMESTAMP),
('Support Technique', CURRENT_TIMESTAMP, CURRENT_TIMESTAMP),
('Rédaction Technique', CURRENT_TIMESTAMP, CURRENT_TIMESTAMP);

-- Insérer des compétences dans la table skill
INSERT INTO skill (description, category_id, created_at, updated_at) VALUES
('Développement Web', 1, CURRENT_TIMESTAMP, CURRENT_TIMESTAMP),
('UI/UX Design', 2, CURRENT_TIMESTAMP, CURRENT_TIMESTAMP),
('SEO', 3, CURRENT_TIMESTAMP, CURRENT_TIMESTAMP),
('Gestion de projet Agile', 4, CURRENT_TIMESTAMP, CURRENT_TIMESTAMP),
('Administration réseau', 5, CURRENT_TIMESTAMP, CURRENT_TIMESTAMP),
('Développement Mobile', 1, CURRENT_TIMESTAMP, CURRENT_TIMESTAMP),
('Graphisme', 2, CURRENT_TIMESTAMP, CURRENT_TIMESTAMP),
('Publicité en ligne', 3, CURRENT_TIMESTAMP, CURRENT_TIMESTAMP),
('Analyse de données', 6, CURRENT_TIMESTAMP, CURRENT_TIMESTAMP),
('Automatisation CI/CD', 7, CURRENT_TIMESTAMP, CURRENT_TIMESTAMP),
('Sécurité des réseaux', 8, CURRENT_TIMESTAMP, CURRENT_TIMESTAMP),
('Support utilisateur', 9, CURRENT_TIMESTAMP, CURRENT_TIMESTAMP),
('Rédaction de documentation', 10, CURRENT_TIMESTAMP, CURRENT_TIMESTAMP);

-- Insérer des disponibilités dans la table availability
INSERT INTO availability (user_id, date, start_time, end_time, created_at, updated_at) VALUES
(1, '2025-03-01', '09:00:00', '12:00:00', CURRENT_TIMESTAMP, CURRENT_TIMESTAMP),
(2, '2025-03-02', '13:00:00', '16:00:00', CURRENT_TIMESTAMP, CURRENT_TIMESTAMP),
(3, '2025-03-03', '10:00:00', '14:00:00', CURRENT_TIMESTAMP, CURRENT_TIMESTAMP),
(4, '2025-03-04', '08:00:00', '11:00:00', CURRENT_TIMESTAMP, CURRENT_TIMESTAMP),
(5, '2025-03-05', '15:00:00', '18:00:00', CURRENT_TIMESTAMP, CURRENT_TIMESTAMP),
(6, '2025-03-06', '09:00:00', '12:00:00', CURRENT_TIMESTAMP, CURRENT_TIMESTAMP),
(7, '2025-03-07', '13:00:00', '16:00:00', CURRENT_TIMESTAMP, CURRENT_TIMESTAMP),
(8, '2025-03-08', '10:00:00', '14:00:00', CURRENT_TIMESTAMP, CURRENT_TIMESTAMP),
(9, '2025-03-09', '08:00:00', '11:00:00', CURRENT_TIMESTAMP, CURRENT_TIMESTAMP),
(10, '2025-03-10', '15:00:00', '18:00:00', CURRENT_TIMESTAMP, CURRENT_TIMESTAMP),
(11, '2025-03-11', '09:00:00', '12:00:00', CURRENT_TIMESTAMP, CURRENT_TIMESTAMP),
(12, '2025-03-12', '13:00:00', '16:00:00', CURRENT_TIMESTAMP, CURRENT_TIMESTAMP),
(13, '2025-03-13', '10:00:00', '14:00:00', CURRENT_TIMESTAMP, CURRENT_TIMESTAMP),
(14, '2025-03-14', '08:00:00', '11:00:00', CURRENT_TIMESTAMP, CURRENT_TIMESTAMP),
(15, '2025-03-15', '15:00:00', '18:00:00', CURRENT_TIMESTAMP, CURRENT_TIMESTAMP),
(16, '2025-03-16', '09:00:00', '12:00:00', CURRENT_TIMESTAMP, CURRENT_TIMESTAMP),
(17, '2025-03-17', '13:00:00', '16:00:00', CURRENT_TIMESTAMP, CURRENT_TIMESTAMP),
(18, '2025-03-18', '10:00:00', '14:00:00', CURRENT_TIMESTAMP, CURRENT_TIMESTAMP),
(19, '2025-03-19', '08:00:00', '11:00:00', CURRENT_TIMESTAMP, CURRENT_TIMESTAMP),
(20, '2025-03-20', '15:00:00', '18:00:00', CURRENT_TIMESTAMP, CURRENT_TIMESTAMP),
(21, '2025-03-21', '09:00:00', '12:00:00', CURRENT_TIMESTAMP, CURRENT_TIMESTAMP),
(22, '2025-03-22', '13:00:00', '16:00:00', CURRENT_TIMESTAMP, CURRENT_TIMESTAMP),
(23, '2025-03-23', '10:00:00', '14:00:00', CURRENT_TIMESTAMP, CURRENT_TIMESTAMP),
(24, '2025-03-24', '08:00:00', '11:00:00', CURRENT_TIMESTAMP, CURRENT_TIMESTAMP),
(25, '2025-03-25', '15:00:00', '18:00:00', CURRENT_TIMESTAMP, CURRENT_TIMESTAMP);

-- Insérer des messages dans la table message
INSERT INTO message (sender_id, receiver_id, content, created_at, updated_at) VALUES
(1, 2, 'Bonjour Marie, comment ça va ?', CURRENT_TIMESTAMP, CURRENT_TIMESTAMP),
(2, 1, 'Salut Jean, je vais bien merci !', CURRENT_TIMESTAMP, CURRENT_TIMESTAMP),
(3, 4, 'Salut Pierre, tu es disponible pour une réunion ?', CURRENT_TIMESTAMP, CURRENT_TIMESTAMP),
(4, 3, 'Oui Alice, je suis disponible demain.', CURRENT_TIMESTAMP, CURRENT_TIMESTAMP),
(5, 6, 'Bonjour David, as-tu terminé le projet ?', CURRENT_TIMESTAMP, CURRENT_TIMESTAMP),
(6, 5, 'Salut Claire, presque fini !', CURRENT_TIMESTAMP, CURRENT_TIMESTAMP),
(7, 8, 'Bonjour François, peux-tu m''aider avec ce problème ?', CURRENT_TIMESTAMP, CURRENT_TIMESTAMP),
(8, 7, 'Bien sûr Eva, je suis là pour t''aider.', CURRENT_TIMESTAMP, CURRENT_TIMESTAMP),
(9, 10, 'Salut Hugo, as-tu reçu mon email ?', CURRENT_TIMESTAMP, CURRENT_TIMESTAMP),
(10, 9, 'Oui Géraldine, je l''ai reçu.', CURRENT_TIMESTAMP, CURRENT_TIMESTAMP),
(11, 12, 'Bonjour Sophie, peux-tu vérifier ce document ?', CURRENT_TIMESTAMP, CURRENT_TIMESTAMP),
(12, 11, 'Bien sûr Lucas, je vais le faire.', CURRENT_TIMESTAMP, CURRENT_TIMESTAMP),
(13, 14, 'Salut Emma, as-tu des disponibilités cette semaine ?', CURRENT_TIMESTAMP, CURRENT_TIMESTAMP),
(14, 13, 'Oui Louis, je suis libre mercredi.', CURRENT_TIMESTAMP, CURRENT_TIMESTAMP),
(15, 16, 'Bonjour Chloé, peux-tu m''aider avec ce projet ?', CURRENT_TIMESTAMP, CURRENT_TIMESTAMP),
(16, 15, 'Oui Thomas, je suis disponible.', CURRENT_TIMESTAMP, CURRENT_TIMESTAMP),
(17, 18, 'Salut Camille, as-tu terminé le rapport ?', CURRENT_TIMESTAMP, CURRENT_TIMESTAMP),
(18, 17, 'Oui Nathan, je l''ai envoyé hier.', CURRENT_TIMESTAMP, CURRENT_TIMESTAMP),
(19, 20, 'Bonjour Léa, peux-tu vérifier ce code ?', CURRENT_TIMESTAMP, CURRENT_TIMESTAMP),
(20, 19, 'Bien sûr Julien, je vais le faire.', CURRENT_TIMESTAMP, CURRENT_TIMESTAMP),
(21, 22, 'Salut Manon, as-tu des disponibilités cette semaine ?', CURRENT_TIMESTAMP, CURRENT_TIMESTAMP),
(22, 21, 'Oui Maxime, je suis libre jeudi.', CURRENT_TIMESTAMP, CURRENT_TIMESTAMP),
(23, 24, 'Bonjour Sarah, peux-tu m''aider avec ce problème ?', CURRENT_TIMESTAMP, CURRENT_TIMESTAMP),
(24, 23, 'Bien sûr Antoine, je suis là pour t''aider.', CURRENT_TIMESTAMP, CURRENT_TIMESTAMP),
(25, 26, 'Salut Laura, as-tu reçu mon email ?', CURRENT_TIMESTAMP, CURRENT_TIMESTAMP),
(26, 25, 'Oui Alexandre, je l''ai reçu.', CURRENT_TIMESTAMP, CURRENT_TIMESTAMP),
(27, 28, 'Bonjour Julie, peux-tu vérifier ce document ?', CURRENT_TIMESTAMP, CURRENT_TIMESTAMP),
(28, 27, 'Bien sûr Benoît, je vais le faire.', CURRENT_TIMESTAMP, CURRENT_TIMESTAMP),
(29, 30, 'Salut Pauline, as-tu des disponibilités cette semaine ?', CURRENT_TIMESTAMP, CURRENT_TIMESTAMP),
(30, 29, 'Oui Guillaume, je suis libre vendredi.', CURRENT_TIMESTAMP, CURRENT_TIMESTAMP),
(31, 32, 'Bonjour Charlotte, peux-tu m''aider avec ce projet ?', CURRENT_TIMESTAMP, CURRENT_TIMESTAMP),
(32, 31, 'Oui Adrien, je suis disponible.', CURRENT_TIMESTAMP, CURRENT_TIMESTAMP),
(33, 34, 'Salut Elodie, as-tu terminé le rapport ?', CURRENT_TIMESTAMP, CURRENT_TIMESTAMP),
(34, 33, 'Oui Baptiste, je l''ai envoyé hier.', CURRENT_TIMESTAMP, CURRENT_TIMESTAMP),
(35, 36, 'Bonjour Clara, peux-tu vérifier ce code ?', CURRENT_TIMESTAMP, CURRENT_TIMESTAMP),
(36, 35, 'Bien sûr Victor, je vais le faire.', CURRENT_TIMESTAMP, CURRENT_TIMESTAMP),
(37, 38, 'Salut Anaïs, as-tu des disponibilités cette semaine ?', CURRENT_TIMESTAMP, CURRENT_TIMESTAMP),
(38, 37, 'Oui Quentin, je suis libre lundi.', CURRENT_TIMESTAMP, CURRENT_TIMESTAMP),
(39, 40, 'Bonjour Mélanie, peux-tu m''aider avec ce problème ?', CURRENT_TIMESTAMP, CURRENT_TIMESTAMP),
(40, 39, 'Bien sûr Florian, je suis là pour t''aider.', CURRENT_TIMESTAMP, CURRENT_TIMESTAMP),
(41, 42, 'Salut Amandine, as-tu reçu mon email ?', CURRENT_TIMESTAMP, CURRENT_TIMESTAMP),
(42, 41, 'Oui Romain, je l''ai reçu.', CURRENT_TIMESTAMP, CURRENT_TIMESTAMP),
(43, 44, 'Bonjour Aurélie, peux-tu vérifier ce document ?', CURRENT_TIMESTAMP, CURRENT_TIMESTAMP),
(44, 43, 'Bien sûr Damien, je vais le faire.', CURRENT_TIMESTAMP, CURRENT_TIMESTAMP),
(45, 46, 'Salut Céline, as-tu des disponibilités cette semaine ?', CURRENT_TIMESTAMP, CURRENT_TIMESTAMP),
(46, 45, 'Oui Vincent, je suis libre mardi.', CURRENT_TIMESTAMP, CURRENT_TIMESTAMP),
(47, 48, 'Bonjour Isabelle, peux-tu m''aider avec ce projet ?', CURRENT_TIMESTAMP, CURRENT_TIMESTAMP),
(48, 47, 'Oui Thibault, je suis disponible.', CURRENT_TIMESTAMP, CURRENT_TIMESTAMP),
(49, 50, 'Salut Nicolas, as-tu terminé le rapport ?', CURRENT_TIMESTAMP, CURRENT_TIMESTAMP),
(50, 49, 'Oui Valérie, je l''ai envoyé hier.', CURRENT_TIMESTAMP, CURRENT_TIMESTAMP);

-- Insérer des évaluations dans la table review
INSERT INTO review (reviewer_id, reviewee_id, rating, review, created_at, updated_at) VALUES
(1, 2, 5, 'Excellent travail !', CURRENT_TIMESTAMP, CURRENT_TIMESTAMP),
(2, 1, 4, 'Très bon développeur.', CURRENT_TIMESTAMP, CURRENT_TIMESTAMP),
(3, 4, 3, 'Bon travail, mais peut s''améliorer.', CURRENT_TIMESTAMP, CURRENT_TIMESTAMP),
(4, 3, 5, 'Parfait, rien à redire.', CURRENT_TIMESTAMP, CURRENT_TIMESTAMP),
(5, 6, 2, 'Peut mieux faire.', CURRENT_TIMESTAMP, CURRENT_TIMESTAMP),
(6, 5, 4, 'Bon travail.', CURRENT_TIMESTAMP, CURRENT_TIMESTAMP),
(7, 8, 5, 'Excellent !', CURRENT_TIMESTAMP, CURRENT_TIMESTAMP),
(8, 7, 3, 'Peut s''améliorer.', CURRENT_TIMESTAMP, CURRENT_TIMESTAMP),
(9, 10, 4, 'Très bien.', CURRENT_TIMESTAMP, CURRENT_TIMESTAMP),
(10, 9, 5, 'Parfait.', CURRENT_TIMESTAMP, CURRENT_TIMESTAMP),
(11, 12, 4, 'Bon travail.', CURRENT_TIMESTAMP, CURRENT_TIMESTAMP),
(12, 11, 3, 'Peut mieux faire.', CURRENT_TIMESTAMP, CURRENT_TIMESTAMP),
(13, 14, 5, 'Excellent !', CURRENT_TIMESTAMP, CURRENT_TIMESTAMP),
(14, 13, 4, 'Très bien.', CURRENT_TIMESTAMP, CURRENT_TIMESTAMP),
(15, 16, 3, 'Peut s''améliorer.', CURRENT_TIMESTAMP, CURRENT_TIMESTAMP),
(16, 15, 5, 'Parfait.', CURRENT_TIMESTAMP, CURRENT_TIMESTAMP),
(17, 18, 4, 'Bon travail.', CURRENT_TIMESTAMP, CURRENT_TIMESTAMP),
(18, 17, 3, 'Peut mieux faire.', CURRENT_TIMESTAMP, CURRENT_TIMESTAMP),
(19, 20, 5, 'Excellent !', CURRENT_TIMESTAMP, CURRENT_TIMESTAMP),
(20, 19, 4, 'Très bien.', CURRENT_TIMESTAMP, CURRENT_TIMESTAMP),
(21, 22, 3, 'Peut s''améliorer.', CURRENT_TIMESTAMP, CURRENT_TIMESTAMP),
(22, 21, 5, 'Parfait.', CURRENT_TIMESTAMP, CURRENT_TIMESTAMP),
(23, 24, 4, 'Bon travail.', CURRENT_TIMESTAMP, CURRENT_TIMESTAMP),
(24, 23, 3, 'Peut mieux faire.', CURRENT_TIMESTAMP, CURRENT_TIMESTAMP),
(25, 26, 5, 'Excellent !', CURRENT_TIMESTAMP, CURRENT_TIMESTAMP),
(26, 25, 4, 'Très bien.', CURRENT_TIMESTAMP, CURRENT_TIMESTAMP),
(27, 28, 3, 'Peut s''améliorer.', CURRENT_TIMESTAMP, CURRENT_TIMESTAMP),
(28, 27, 5, 'Parfait.', CURRENT_TIMESTAMP, CURRENT_TIMESTAMP),
(29, 30, 4, 'Bon travail.', CURRENT_TIMESTAMP, CURRENT_TIMESTAMP),
(30, 29, 3, 'Peut mieux faire.', CURRENT_TIMESTAMP, CURRENT_TIMESTAMP),
(31, 32, 5, 'Excellent !', CURRENT_TIMESTAMP, CURRENT_TIMESTAMP),
(32, 31, 4, 'Très bien.', CURRENT_TIMESTAMP, CURRENT_TIMESTAMP),
(33, 34, 3, 'Peut s''améliorer.', CURRENT_TIMESTAMP, CURRENT_TIMESTAMP),
(34, 33, 5, 'Parfait.', CURRENT_TIMESTAMP, CURRENT_TIMESTAMP),
(35, 36, 4, 'Bon travail.', CURRENT_TIMESTAMP, CURRENT_TIMESTAMP),
(36, 35, 3, 'Peut mieux faire.', CURRENT_TIMESTAMP, CURRENT_TIMESTAMP),
(37, 38, 5, 'Excellent !', CURRENT_TIMESTAMP, CURRENT_TIMESTAMP),
(38, 37, 4, 'Très bien.', CURRENT_TIMESTAMP, CURRENT_TIMESTAMP),
(39, 40, 3, 'Peut s''améliorer.', CURRENT_TIMESTAMP, CURRENT_TIMESTAMP),
(40, 39, 5, 'Parfait.', CURRENT_TIMESTAMP, CURRENT_TIMESTAMP),
(41, 42, 4, 'Bon travail.', CURRENT_TIMESTAMP, CURRENT_TIMESTAMP),
(42, 41, 3, 'Peut mieux faire.', CURRENT_TIMESTAMP, CURRENT_TIMESTAMP),
(43, 44, 5, 'Excellent !', CURRENT_TIMESTAMP, CURRENT_TIMESTAMP),
(44, 43, 4, 'Très bien.', CURRENT_TIMESTAMP, CURRENT_TIMESTAMP),
(45, 46, 3, 'Peut s''améliorer.', CURRENT_TIMESTAMP, CURRENT_TIMESTAMP),
(46, 45, 5, 'Parfait.', CURRENT_TIMESTAMP, CURRENT_TIMESTAMP),
(47, 48, 4, 'Bon travail.', CURRENT_TIMESTAMP, CURRENT_TIMESTAMP),
(48, 47, 3, 'Peut mieux faire.', CURRENT_TIMESTAMP, CURRENT_TIMESTAMP),
(49, 50, 5, 'Excellent !', CURRENT_TIMESTAMP, CURRENT_TIMESTAMP),
(50, 49, 4, 'Très bien.', CURRENT_TIMESTAMP, CURRENT_TIMESTAMP);

-- Insérer des compétences possédées par un utilisateur dans la table user_has_skill
INSERT INTO user_has_skill (user_id, skill_id, description, priority, created_at, updated_at) VALUES
(1, 1, 'Expert en développement web', 1, CURRENT_TIMESTAMP, CURRENT_TIMESTAMP),
(2, 2, 'Spécialiste en UI/UX Design', 1, CURRENT_TIMESTAMP, CURRENT_TIMESTAMP),
(3, 3, 'Expert en SEO', 1, CURRENT_TIMESTAMP, CURRENT_TIMESTAMP),
(4, 4, 'Gestion de projet Agile', 1, CURRENT_TIMESTAMP, CURRENT_TIMESTAMP),
(5, 5, 'Administration réseau', 1, CURRENT_TIMESTAMP, CURRENT_TIMESTAMP),
(6, 6, 'Développement Mobile', 1, CURRENT_TIMESTAMP, CURRENT_TIMESTAMP),
(7, 7, 'Graphisme', 1, CURRENT_TIMESTAMP, CURRENT_TIMESTAMP),
(8, 8, 'Publicité en ligne', 1, CURRENT_TIMESTAMP, CURRENT_TIMESTAMP),
(9, 9, 'Analyse de données', 1, CURRENT_TIMESTAMP, CURRENT_TIMESTAMP),
(10, 10, 'Automatisation CI/CD', 1, CURRENT_TIMESTAMP, CURRENT_TIMESTAMP),
(11, 11, 'Sécurité des réseaux', 1, CURRENT_TIMESTAMP, CURRENT_TIMESTAMP),
(12, 12, 'Support utilisateur', 1, CURRENT_TIMESTAMP, CURRENT_TIMESTAMP),
(13, 13, 'Rédaction de documentation', 1, CURRENT_TIMESTAMP, CURRENT_TIMESTAMP),
(14, 1, 'Développement Web', 1, CURRENT_TIMESTAMP, CURRENT_TIMESTAMP),
(15, 2, 'UI/UX Design', 1, CURRENT_TIMESTAMP, CURRENT_TIMESTAMP),
(16, 3, 'SEO', 1, CURRENT_TIMESTAMP, CURRENT_TIMESTAMP),
(17, 4, 'Gestion de projet Agile', 1, CURRENT_TIMESTAMP, CURRENT_TIMESTAMP),
(18, 5, 'Administration réseau', 1, CURRENT_TIMESTAMP, CURRENT_TIMESTAMP),
(19, 6, 'Développement Mobile', 1, CURRENT_TIMESTAMP, CURRENT_TIMESTAMP),
(20, 7, 'Graphisme', 1, CURRENT_TIMESTAMP, CURRENT_TIMESTAMP),
(21, 8, 'Publicité en ligne', 1, CURRENT_TIMESTAMP, CURRENT_TIMESTAMP),
(22, 9, 'Analyse de données', 1, CURRENT_TIMESTAMP, CURRENT_TIMESTAMP),
(23, 10, 'Automatisation CI/CD', 1, CURRENT_TIMESTAMP, CURRENT_TIMESTAMP),
(24, 11, 'Sécurité des réseaux', 1, CURRENT_TIMESTAMP, CURRENT_TIMESTAMP),
(25, 12, 'Support utilisateur', 1, CURRENT_TIMESTAMP, CURRENT_TIMESTAMP),
(26, 13, 'Rédaction de documentation', 1, CURRENT_TIMESTAMP, CURRENT_TIMESTAMP),
(27, 1, 'Développement Web', 1, CURRENT_TIMESTAMP, CURRENT_TIMESTAMP),
(28, 2, 'UI/UX Design', 1, CURRENT_TIMESTAMP, CURRENT_TIMESTAMP),
(29, 3, 'SEO', 1, CURRENT_TIMESTAMP, CURRENT_TIMESTAMP),
(30, 4, 'Gestion de projet Agile', 1, CURRENT_TIMESTAMP, CURRENT_TIMESTAMP),
(31, 5, 'Administration réseau', 1, CURRENT_TIMESTAMP, CURRENT_TIMESTAMP),
(32, 6, 'Développement Mobile', 1, CURRENT_TIMESTAMP, CURRENT_TIMESTAMP),
(33, 7, 'Graphisme', 1, CURRENT_TIMESTAMP, CURRENT_TIMESTAMP),
(34, 8, 'Publicité en ligne', 1, CURRENT_TIMESTAMP, CURRENT_TIMESTAMP),
(35, 9, 'Analyse de données', 1, CURRENT_TIMESTAMP, CURRENT_TIMESTAMP),
(36, 10, 'Automatisation CI/CD', 1, CURRENT_TIMESTAMP, CURRENT_TIMESTAMP),
(37, 11, 'Sécurité des réseaux', 1, CURRENT_TIMESTAMP, CURRENT_TIMESTAMP),
(38, 12, 'Support utilisateur', 1, CURRENT_TIMESTAMP, CURRENT_TIMESTAMP),
(39, 13, 'Rédaction de documentation', 1, CURRENT_TIMESTAMP, CURRENT_TIMESTAMP),
(40, 1, 'Développement Web', 1, CURRENT_TIMESTAMP, CURRENT_TIMESTAMP),
(41, 2, 'UI/UX Design', 1, CURRENT_TIMESTAMP, CURRENT_TIMESTAMP),
(42, 3, 'SEO', 1, CURRENT_TIMESTAMP, CURRENT_TIMESTAMP),
(43, 4, 'Gestion de projet Agile', 1, CURRENT_TIMESTAMP, CURRENT_TIMESTAMP),
(44, 5, 'Administration réseau', 1, CURRENT_TIMESTAMP, CURRENT_TIMESTAMP),
(45, 6, 'Développement Mobile', 1, CURRENT_TIMESTAMP, CURRENT_TIMESTAMP),
(46, 7, 'Graphisme', 1, CURRENT_TIMESTAMP, CURRENT_TIMESTAMP),
(47, 8, 'Publicité en ligne', 1, CURRENT_TIMESTAMP, CURRENT_TIMESTAMP),
(48, 9, 'Analyse de données', 1, CURRENT_TIMESTAMP, CURRENT_TIMESTAMP),
(49, 10, 'Automatisation CI/CD', 1, CURRENT_TIMESTAMP, CURRENT_TIMESTAMP),
(50, 11, 'Sécurité des réseaux', 1, CURRENT_TIMESTAMP, CURRENT_TIMESTAMP);

-- Insérer des compétences recherchées par un utilisateur dans la table user_has_interest
INSERT INTO user_has_interest (user_id, interest_id, priority, created_at, updated_at) VALUES
(1, 2, 1, CURRENT_TIMESTAMP, CURRENT_TIMESTAMP),
(2, 1, 1, CURRENT_TIMESTAMP, CURRENT_TIMESTAMP),
(3, 4, 1, CURRENT_TIMESTAMP, CURRENT_TIMESTAMP),
(4, 3, 1, CURRENT_TIMESTAMP, CURRENT_TIMESTAMP),
(5, 5, 1, CURRENT_TIMESTAMP, CURRENT_TIMESTAMP),
(6, 6, 1, CURRENT_TIMESTAMP, CURRENT_TIMESTAMP),
(7, 7, 1, CURRENT_TIMESTAMP, CURRENT_TIMESTAMP),
(8, 8, 1, CURRENT_TIMESTAMP, CURRENT_TIMESTAMP),
(9, 9, 1, CURRENT_TIMESTAMP, CURRENT_TIMESTAMP),
(10, 10, 1, CURRENT_TIMESTAMP, CURRENT_TIMESTAMP),
(11, 11, 1, CURRENT_TIMESTAMP, CURRENT_TIMESTAMP),
(12, 12, 1, CURRENT_TIMESTAMP, CURRENT_TIMESTAMP),
(13, 13, 1, CURRENT_TIMESTAMP, CURRENT_TIMESTAMP),
(14, 1, 1, CURRENT_TIMESTAMP, CURRENT_TIMESTAMP),
(15, 2, 1, CURRENT_TIMESTAMP, CURRENT_TIMESTAMP),
(16, 3, 1, CURRENT_TIMESTAMP, CURRENT_TIMESTAMP),
(17, 4, 1, CURRENT_TIMESTAMP, CURRENT_TIMESTAMP),
(18, 5, 1, CURRENT_TIMESTAMP, CURRENT_TIMESTAMP),
(19, 6, 1, CURRENT_TIMESTAMP, CURRENT_TIMESTAMP),
(20, 7, 1, CURRENT_TIMESTAMP, CURRENT_TIMESTAMP),
(21, 8, 1, CURRENT_TIMESTAMP, CURRENT_TIMESTAMP),
(22, 9, 1, CURRENT_TIMESTAMP, CURRENT_TIMESTAMP),
(23, 10, 1, CURRENT_TIMESTAMP, CURRENT_TIMESTAMP),
(24, 11, 1, CURRENT_TIMESTAMP, CURRENT_TIMESTAMP),
(25, 12, 1, CURRENT_TIMESTAMP, CURRENT_TIMESTAMP),
(26, 13, 1, CURRENT_TIMESTAMP, CURRENT_TIMESTAMP),
(27, 1, 1, CURRENT_TIMESTAMP, CURRENT_TIMESTAMP),
(28, 2, 1, CURRENT_TIMESTAMP, CURRENT_TIMESTAMP),
(29, 3, 1, CURRENT_TIMESTAMP, CURRENT_TIMESTAMP),
(30, 4, 1, CURRENT_TIMESTAMP, CURRENT_TIMESTAMP),
(31, 5, 1, CURRENT_TIMESTAMP, CURRENT_TIMESTAMP),
(32, 6, 1, CURRENT_TIMESTAMP, CURRENT_TIMESTAMP),
(33, 7, 1, CURRENT_TIMESTAMP, CURRENT_TIMESTAMP),
(34, 8, 1, CURRENT_TIMESTAMP, CURRENT_TIMESTAMP),
(35, 9, 1, CURRENT_TIMESTAMP, CURRENT_TIMESTAMP),
(36, 10, 1, CURRENT_TIMESTAMP, CURRENT_TIMESTAMP),
(37, 11, 1, CURRENT_TIMESTAMP, CURRENT_TIMESTAMP),
(38, 12, 1, CURRENT_TIMESTAMP, CURRENT_TIMESTAMP),
(39, 13, 1, CURRENT_TIMESTAMP, CURRENT_TIMESTAMP),
(40, 1, 1, CURRENT_TIMESTAMP, CURRENT_TIMESTAMP),
(41, 2, 1, CURRENT_TIMESTAMP, CURRENT_TIMESTAMP),
(42, 3, 1, CURRENT_TIMESTAMP, CURRENT_TIMESTAMP),
(43, 4, 1, CURRENT_TIMESTAMP, CURRENT_TIMESTAMP),
(44, 5, 1, CURRENT_TIMESTAMP, CURRENT_TIMESTAMP),
(45, 6, 1, CURRENT_TIMESTAMP, CURRENT_TIMESTAMP),
(46, 7, 1, CURRENT_TIMESTAMP, CURRENT_TIMESTAMP),
(47, 8, 1, CURRENT_TIMESTAMP, CURRENT_TIMESTAMP),
(48, 9, 1, CURRENT_TIMESTAMP, CURRENT_TIMESTAMP),
(49, 10, 1, CURRENT_TIMESTAMP, CURRENT_TIMESTAMP),
(50, 11, 1, CURRENT_TIMESTAMP, CURRENT_TIMESTAMP);

-- Insérer des abonnements (followers) dans la table user_has_follower
INSERT INTO user_has_follower (user_id, follower_id, created_at, updated_at) VALUES
(1, 2, CURRENT_TIMESTAMP, CURRENT_TIMESTAMP),
(2, 1, CURRENT_TIMESTAMP, CURRENT_TIMESTAMP),
(3, 4, CURRENT_TIMESTAMP, CURRENT_TIMESTAMP),
(4, 3, CURRENT_TIMESTAMP, CURRENT_TIMESTAMP),
(5, 6, CURRENT_TIMESTAMP, CURRENT_TIMESTAMP),
(6, 5, CURRENT_TIMESTAMP, CURRENT_TIMESTAMP),
(7, 8, CURRENT_TIMESTAMP, CURRENT_TIMESTAMP),
(8, 7, CURRENT_TIMESTAMP, CURRENT_TIMESTAMP),
(9, 10, CURRENT_TIMESTAMP, CURRENT_TIMESTAMP),
(10, 9, CURRENT_TIMESTAMP, CURRENT_TIMESTAMP),
(11, 12, CURRENT_TIMESTAMP, CURRENT_TIMESTAMP),
(12, 11, CURRENT_TIMESTAMP, CURRENT_TIMESTAMP),
(13, 14, CURRENT_TIMESTAMP, CURRENT_TIMESTAMP),
(14, 13, CURRENT_TIMESTAMP, CURRENT_TIMESTAMP),
(15, 16, CURRENT_TIMESTAMP, CURRENT_TIMESTAMP),
(16, 15, CURRENT_TIMESTAMP, CURRENT_TIMESTAMP),
(17, 18, CURRENT_TIMESTAMP, CURRENT_TIMESTAMP),
(18, 17, CURRENT_TIMESTAMP, CURRENT_TIMESTAMP),
(19, 20, CURRENT_TIMESTAMP, CURRENT_TIMESTAMP),
(20, 19, CURRENT_TIMESTAMP, CURRENT_TIMESTAMP),
(21, 22, CURRENT_TIMESTAMP, CURRENT_TIMESTAMP),
(22, 21, CURRENT_TIMESTAMP, CURRENT_TIMESTAMP),
(23, 24, CURRENT_TIMESTAMP, CURRENT_TIMESTAMP),
(24, 23, CURRENT_TIMESTAMP, CURRENT_TIMESTAMP),
(25, 26, CURRENT_TIMESTAMP, CURRENT_TIMESTAMP),
(26, 25, CURRENT_TIMESTAMP, CURRENT_TIMESTAMP),
(27, 28, CURRENT_TIMESTAMP, CURRENT_TIMESTAMP),
(28, 27, CURRENT_TIMESTAMP, CURRENT_TIMESTAMP),
(29, 30, CURRENT_TIMESTAMP, CURRENT_TIMESTAMP),
(30, 29, CURRENT_TIMESTAMP, CURRENT_TIMESTAMP),
(31, 32, CURRENT_TIMESTAMP, CURRENT_TIMESTAMP),
(32, 31, CURRENT_TIMESTAMP, CURRENT_TIMESTAMP),
(33, 34, CURRENT_TIMESTAMP, CURRENT_TIMESTAMP),
(34, 33, CURRENT_TIMESTAMP, CURRENT_TIMESTAMP),
(35, 36, CURRENT_TIMESTAMP, CURRENT_TIMESTAMP),
(36, 35, CURRENT_TIMESTAMP, CURRENT_TIMESTAMP),
(37, 38, CURRENT_TIMESTAMP, CURRENT_TIMESTAMP),
(38, 37, CURRENT_TIMESTAMP, CURRENT_TIMESTAMP),
(39, 40, CURRENT_TIMESTAMP, CURRENT_TIMESTAMP),
(40, 39, CURRENT_TIMESTAMP, CURRENT_TIMESTAMP),
(41, 42, CURRENT_TIMESTAMP, CURRENT_TIMESTAMP),
(42, 41, CURRENT_TIMESTAMP, CURRENT_TIMESTAMP),
(43, 44, CURRENT_TIMESTAMP, CURRENT_TIMESTAMP),
(44, 43, CURRENT_TIMESTAMP, CURRENT_TIMESTAMP),
(45, 46, CURRENT_TIMESTAMP, CURRENT_TIMESTAMP),
(46, 45, CURRENT_TIMESTAMP, CURRENT_TIMESTAMP),
(47, 48, CURRENT_TIMESTAMP, CURRENT_TIMESTAMP),
(48, 47, CURRENT_TIMESTAMP, CURRENT_TIMESTAMP),
(49, 50, CURRENT_TIMESTAMP, CURRENT_TIMESTAMP),
(50, 49, CURRENT_TIMESTAMP, CURRENT_TIMESTAMP);

-- Valider la transaction
COMMIT;